{"loss": [0.27140748500823975, 0.15649010241031647, 0.10902447998523712, 0.08063419163227081, 0.06682426482439041, 0.054338108748197556, 0.03748723492026329, 0.03454214707016945, 0.02275124005973339, 0.020816804841160774], "accuracy": [0.9016587734222412, 0.9440165758132935, 0.9672689437866211, 0.9758589863777161, 0.9794135093688965, 0.9840047359466553, 0.9890402555465698, 0.9899289011955261, 0.9931871891021729, 0.9933353066444397], "val_loss": [0.1998419165611267, 0.11017538607120514, 0.07948046922683716, 0.08916977792978287, 0.05529375001788139, 0.03581888973712921, 0.029333341866731644, 0.058628253638744354, 0.016844535246491432, 0.015399199910461903], "val_accuracy": [0.929773211479187, 0.9707388281822205, 0.9751279950141907, 0.9692757725715637, 0.9809802770614624, 0.9875640273094177, 0.994147777557373, 0.9904901385307312, 0.994147777557373, 0.994147777557373]}